,ID,Reason_absence,Month_absence,Day_week,Seasons,Transportation_expense,Distance_Residence_Work,Service_time,Age,Work_load_Average_day,Hit_target,Disciplinary_failure,Education,Son,Social_drinker,Social_smoker,Pet,Weight,Height,Body_mass_index,Absenteeism_hours
0,14,11,11,2,4,155,12,14,34,284.031,97,0,1,2,1,0,0,95,196,25,120
1,36,13,4,4,3,118,13,18,50,239.409,98,0,1,1,1,0,0,98,178,31,120
2,9,6,7,3,1,228,14,16,58,264.604,93,0,1,2,0,0,1,65,172,22,120
3,28,9,7,3,1,225,26,9,28,230.29,92,0,1,1,0,0,2,69,169,24,112
4,9,12,3,3,2,228,14,16,58,222.196,99,0,1,2,0,0,1,65,172,22,112
5,11,19,3,2,3,289,36,13,33,222.196,99,0,1,2,1,0,1,90,172,30,104
6,36,13,6,4,3,118,13,18,50,377.55,94,0,1,1,1,0,0,98,178,31,80
7,14,18,12,3,2,155,12,14,34,280.549,98,0,1,2,1,0,0,95,196,25,80
8,13,13,7,2,1,369,17,12,31,264.604,93,0,1,3,1,0,0,70,169,25,80
9,34,19,12,3,4,118,10,10,37,261.306,97,0,1,0,0,0,0,83,172,28,64
10,22,1,10,4,4,179,26,9,30,265.017,88,0,3,0,0,0,0,56,171,19,64
11,26,19,5,6,3,300,26,13,43,237.656,99,0,1,2,1,1,1,77,175,25,64
12,34,19,12,3,4,118,10,10,37,261.306,97,0,1,0,0,0,0,83,172,28,56
13,20,19,4,6,3,260,50,11,36,326.452,96,0,1,4,1,0,0,65,168,23,56
14,14,10,5,2,3,155,12,14,34,237.656,99,0,1,2,1,0,0,95,196,25,48
15,14,19,7,2,1,155,12,14,34,239.554,97,0,1,2,1,0,0,95,196,25,40
16,10,13,8,2,1,361,52,3,28,205.917,92,0,1,1,1,0,4,80,172,27,40
17,15,14,11,2,4,291,31,12,40,306.345,93,0,1,1,1,0,1,73,171,25,40
18,20,13,3,6,2,260,50,11,36,343.253,95,0,1,4,1,0,0,65,168,23,40
19,17,11,3,2,2,179,22,17,40,343.253,95,0,2,2,0,1,0,63,170,22,40
20,15,7,9,2,4,291,31,12,40,294.217,81,0,1,1,1,0,1,73,171,25,40
21,15,13,6,2,3,291,31,12,40,253.957,95,0,1,1,1,0,1,73,171,25,40
22,15,14,9,2,4,291,31,12,40,241.476,92,0,1,1,1,0,1,73,171,25,32
23,14,10,11,2,4,155,12,14,34,306.345,93,0,1,2,1,0,0,95,196,25,32
24,11,19,7,2,1,289,36,13,33,275.312,98,0,1,2,1,0,1,90,172,30,32
25,24,9,9,4,1,246,25,16,41,294.217,81,0,1,0,1,0,0,67,170,23,32
26,34,19,1,2,2,118,10,10,37,330.061,100,0,1,0,0,0,0,83,172,28,32
27,3,13,12,3,4,179,51,18,38,280.549,98,0,1,0,1,0,0,89,170,31,32
28,11,7,11,4,4,289,36,13,33,306.345,93,0,1,2,1,0,1,90,172,30,24
29,3,13,3,3,2,179,51,18,38,343.253,95,0,1,0,1,0,0,89,170,31,24
30,24,13,4,4,3,246,25,16,41,326.452,96,0,1,0,1,0,0,67,170,23,24
31,3,13,4,4,3,179,51,18,38,326.452,96,0,1,0,1,0,0,89,170,31,24
32,14,12,4,4,3,155,12,14,34,326.452,96,0,1,2,1,0,0,95,196,25,24
33,11,13,5,4,3,289,36,13,33,378.884,92,0,1,2,1,0,1,90,172,30,24
34,36,13,5,4,3,118,13,18,50,378.884,92,0,1,1,1,0,0,98,178,31,24
35,24,10,6,3,3,246,25,16,41,377.55,94,0,1,0,1,0,0,67,170,23,24
36,11,19,9,4,1,289,36,13,33,294.217,81,0,1,2,1,0,1,90,172,30,24
37,24,10,2,6,2,246,25,16,41,251.818,96,0,1,0,1,0,0,67,170,23,24
38,3,28,6,2,3,179,51,18,38,253.957,95,0,1,0,1,0,0,89,170,31,24
39,18,2,11,4,4,330,16,4,28,268.519,93,0,2,0,0,0,0,84,182,25,24
40,22,12,1,2,2,179,26,9,30,313.532,96,0,3,0,0,0,0,56,171,19,24
41,14,13,3,4,3,155,12,14,34,222.196,99,0,1,2,1,0,0,95,196,25,24
42,13,7,4,2,3,369,17,12,31,246.288,91,0,1,3,1,0,0,70,169,25,24
43,36,19,6,5,3,118,13,18,50,275.089,96,0,1,1,1,0,0,98,178,31,24
44,20,19,10,5,4,260,50,11,36,253.465,93,0,1,4,1,0,0,65,168,23,16
45,14,1,3,2,2,155,12,14,34,343.253,95,0,1,2,1,0,0,95,196,25,16
46,20,26,3,2,2,260,50,11,36,343.253,95,0,1,4,1,0,0,65,168,23,16
47,28,11,3,4,3,225,26,9,28,343.253,95,0,1,1,0,0,2,69,169,24,16
48,7,14,3,5,3,279,5,14,39,343.253,95,0,1,2,1,1,0,68,168,24,16
49,11,13,4,5,3,289,36,13,33,326.452,96,0,1,2,1,0,1,90,172,30,16
50,1,13,6,6,3,235,11,14,37,377.55,94,0,3,1,0,0,1,88,172,29,16
51,14,19,7,3,1,155,12,14,34,275.312,98,0,1,2,1,0,0,95,196,25,16
52,24,9,9,2,1,246,25,16,41,294.217,81,0,1,0,1,0,0,67,170,23,16
53,11,19,10,5,4,289,36,13,33,265.017,88,0,1,2,1,0,1,90,172,30,16
54,22,23,10,5,4,179,26,9,30,265.017,88,0,3,0,0,0,0,56,171,19,16
55,30,11,2,4,2,157,27,6,29,251.818,96,0,1,0,1,1,0,75,185,22,16
56,24,19,3,4,2,246,25,16,41,244.387,98,0,1,0,1,0,0,67,170,23,16
57,3,28,3,2,2,179,51,18,38,244.387,98,0,1,0,1,0,0,89,170,31,16
58,5,13,5,2,3,235,20,13,43,246.074,99,0,1,1,1,0,0,106,167,38,16
59,18,23,8,5,1,330,16,4,28,249.797,93,0,2,0,0,0,0,84,182,25,16
60,22,13,12,3,4,179,26,9,30,280.549,98,0,3,0,0,0,0,56,171,19,16
61,22,12,1,5,2,179,26,9,30,313.532,96,0,3,0,0,0,0,56,171,19,16
62,6,22,7,3,1,189,29,13,33,264.604,93,0,1,2,0,0,2,69,167,25,16
63,10,22,7,6,1,361,52,3,28,239.554,97,0,1,1,1,0,4,80,172,27,8
64,1,22,7,2,1,235,11,14,37,239.554,97,0,3,1,0,0,1,88,172,29,8
65,20,1,7,2,1,260,50,11,36,239.554,97,0,1,4,1,0,0,65,168,23,8
66,20,1,7,3,1,260,50,11,36,239.554,97,0,1,4,1,0,0,65,168,23,8
67,20,11,7,4,1,260,50,11,36,239.554,97,0,1,4,1,0,0,65,168,23,8
68,24,14,7,6,1,246,25,16,41,239.554,97,0,1,0,1,0,0,67,170,23,8
69,3,21,7,2,1,179,51,18,38,239.554,97,0,1,0,1,0,0,89,170,31,8
70,6,11,7,5,1,189,29,13,33,239.554,97,0,1,2,0,0,2,69,167,25,8
71,18,10,8,4,1,330,16,4,28,205.917,92,0,2,0,0,0,0,84,182,25,8
72,11,18,8,2,1,289,36,13,33,205.917,92,0,1,2,1,0,1,90,172,30,8
73,11,18,8,4,1,289,36,13,33,205.917,92,0,1,2,1,0,1,90,172,30,8
74,3,18,8,2,1,179,51,18,38,205.917,92,0,1,0,1,0,0,89,170,31,8
75,2,18,8,5,1,235,29,12,48,205.917,92,0,1,1,0,1,5,88,163,33,8
76,2,18,8,2,1,235,29,12,48,205.917,92,0,1,1,0,1,5,88,163,33,8
77,11,24,8,3,1,289,36,13,33,205.917,92,0,1,2,1,0,1,90,172,30,8
78,2,28,8,6,1,235,29,12,48,205.917,92,0,1,1,0,1,5,88,163,33,8
79,5,19,9,3,1,235,20,13,43,241.476,92,0,1,1,1,0,0,106,167,38,8
80,20,22,9,6,1,260,50,11,36,241.476,92,0,1,4,1,0,0,65,168,23,8
81,3,23,10,4,4,179,51,18,38,253.465,93,0,1,0,1,0,0,89,170,31,8
82,15,14,10,3,4,291,31,12,40,253.465,93,0,1,1,1,0,1,73,171,25,8
83,11,26,10,4,4,289,36,13,33,253.465,93,0,1,2,1,0,1,90,172,30,8
84,3,13,11,5,4,179,51,18,38,306.345,93,0,1,0,1,0,0,89,170,31,8
85,17,21,11,5,4,179,22,17,40,306.345,93,0,2,2,0,1,0,63,170,22,8
86,6,22,11,2,4,189,29,13,33,306.345,93,0,1,2,0,0,2,69,167,25,8
87,14,6,11,6,4,155,12,14,34,306.345,93,0,1,2,1,0,0,95,196,25,8
88,17,21,11,4,4,179,22,17,40,306.345,93,0,2,2,0,1,0,63,170,22,8
89,1,26,12,4,4,235,11,14,37,261.306,97,0,3,1,0,0,1,88,172,29,8
90,20,26,12,6,4,260,50,11,36,261.306,97,0,1,4,1,0,0,65,168,23,8
91,10,22,12,4,4,361,52,3,28,261.306,97,0,1,1,1,0,4,80,172,27,8
93,24,19,12,6,2,246,25,16,41,261.306,97,0,1,0,1,0,0,67,170,23,8
94,14,18,1,3,2,155,12,14,34,308.593,95,0,1,2,1,0,0,95,196,25,8
95,22,18,1,3,2,179,26,9,30,308.593,95,0,3,0,0,0,0,56,171,19,8
96,11,18,1,3,2,289,36,13,33,308.593,95,0,1,2,1,0,1,90,172,30,8
97,24,1,2,4,2,246,25,16,41,302.585,99,0,1,0,1,0,0,67,170,23,8
98,3,11,2,4,2,179,51,18,38,302.585,99,0,1,0,1,0,0,89,170,31,8
99,6,23,2,5,2,189,29,13,33,302.585,99,0,1,2,0,0,2,69,167,25,8
100,11,22,2,6,2,289,36,13,33,302.585,99,0,1,2,1,0,1,90,172,30,8
101,31,11,2,2,2,388,15,9,50,302.585,99,0,1,0,0,0,0,76,178,24,8
102,31,1,2,3,2,388,15,9,50,302.585,99,0,1,0,0,0,0,76,178,24,8
103,27,23,2,3,2,184,42,7,27,302.585,99,0,1,0,0,0,0,58,167,21,8
104,18,18,2,2,2,330,16,4,28,302.585,99,0,2,0,0,0,0,84,182,25,8
105,6,19,2,5,2,189,29,13,33,302.585,99,0,1,2,0,0,2,69,167,25,8
106,20,19,3,3,2,260,50,11,36,343.253,95,0,1,4,1,0,0,65,168,23,8
107,17,17,3,3,2,179,22,17,40,343.253,95,0,2,2,0,1,0,63,170,22,8
108,15,22,3,4,2,291,31,12,40,343.253,95,0,1,1,1,0,1,73,171,25,8
109,20,13,3,4,2,260,50,11,36,343.253,95,0,1,4,1,0,0,65,168,23,8
110,22,13,3,5,2,179,26,9,30,343.253,95,0,3,0,0,0,0,56,171,19,8
111,14,13,3,3,2,155,12,14,34,343.253,95,0,1,2,1,0,0,95,196,25,8
112,11,6,3,5,2,289,36,13,33,343.253,95,0,1,2,1,0,1,90,172,30,8
113,17,8,3,5,2,179,22,17,40,343.253,95,0,2,2,0,1,0,63,170,22,8
114,7,14,3,2,2,279,5,14,39,343.253,95,0,1,2,1,1,0,68,168,24,8
115,28,11,3,2,3,225,26,9,28,343.253,95,0,1,1,0,0,2,69,169,24,8
116,28,11,3,3,3,225,26,9,28,343.253,95,0,1,1,0,0,2,69,169,24,8
117,24,14,4,6,3,246,25,16,41,326.452,96,0,1,0,1,0,0,67,170,23,8
118,33,28,4,6,3,248,25,14,47,326.452,96,0,1,2,0,0,1,86,165,32,8
119,11,19,4,3,3,289,36,13,33,326.452,96,0,1,2,1,0,1,90,172,30,8
120,23,19,4,4,3,378,49,11,36,326.452,96,0,1,2,0,1,4,65,174,21,8
121,11,13,5,4,3,289,36,13,33,378.884,92,0,1,2,1,0,1,90,172,30,8
122,3,18,5,3,3,179,51,18,38,378.884,92,0,1,0,1,0,0,89,170,31,8
123,28,19,5,3,3,225,26,9,28,378.884,92,0,1,1,0,0,2,69,169,24,8
124,10,22,5,6,3,361,52,3,28,378.884,92,0,1,1,1,0,4,80,172,27,8
125,24,19,6,2,3,246,25,16,41,377.55,94,0,1,0,1,0,0,67,170,23,8
126,10,22,6,2,3,361,52,3,28,377.55,94,0,1,1,1,0,4,80,172,27,8
127,24,10,6,6,3,246,25,16,41,377.55,94,0,1,0,1,0,0,67,170,23,8
128,3,11,6,2,3,179,51,18,38,377.55,94,0,1,0,1,0,0,89,170,31,8
129,24,10,6,2,3,246,25,16,41,377.55,94,0,1,0,1,0,0,67,170,23,8
130,36,13,6,4,3,118,13,18,50,377.55,94,0,1,1,1,0,0,98,178,31,8
131,23,22,6,5,3,378,49,11,36,377.55,94,0,1,2,0,1,4,65,174,21,8
132,36,1,7,4,1,118,13,18,50,275.312,98,0,1,1,1,0,0,98,178,31,8
133,34,5,7,6,1,118,10,10,37,275.312,98,0,1,0,0,0,0,83,172,28,8
134,18,26,7,3,1,330,16,4,28,275.312,98,0,2,0,0,0,0,84,182,25,8
135,22,18,7,5,1,179,26,9,30,275.312,98,0,3,0,0,0,0,56,171,19,8
136,18,1,7,2,1,330,16,4,28,275.312,98,0,2,0,0,0,0,84,182,25,8
137,18,1,7,3,1,330,16,4,28,275.312,98,0,2,0,0,0,0,84,182,25,8
138,10,22,7,3,1,361,52,3,28,275.312,98,0,1,1,1,0,4,80,172,27,8
139,11,26,7,4,1,289,36,13,33,275.312,98,0,1,2,1,0,1,90,172,30,8
140,3,26,7,5,1,179,51,18,38,275.312,98,0,1,0,1,0,0,89,170,31,8
141,11,19,7,5,1,289,36,13,33,275.312,98,0,1,2,1,0,1,90,172,30,8
142,11,19,8,6,1,289,36,13,33,265.615,94,0,1,2,1,0,1,90,172,30,8
143,9,18,8,3,1,228,14,16,58,265.615,94,0,1,2,0,0,1,65,172,22,8
144,21,11,8,5,1,268,11,8,33,265.615,94,0,2,0,0,0,0,79,178,25,8
145,1,19,8,5,1,235,11,14,37,265.615,94,0,3,1,0,0,1,88,172,29,8
146,10,8,8,3,1,361,52,3,28,265.615,94,0,1,1,1,0,4,80,172,27,8
147,27,6,8,4,1,184,42,7,27,265.615,94,0,1,0,0,0,0,58,167,21,8
148,3,11,9,2,1,179,51,18,38,294.217,81,0,1,0,1,0,0,89,170,31,8
149,3,13,9,4,1,179,51,18,38,294.217,81,0,1,0,1,0,0,89,170,31,8
150,5,26,9,4,4,235,20,13,43,294.217,81,0,1,1,1,0,0,106,167,38,8
151,3,13,9,2,4,179,51,18,38,294.217,81,0,1,0,1,0,0,89,170,31,8
152,11,24,10,2,4,289,36,13,33,265.017,88,0,1,2,1,0,1,90,172,30,8
153,11,26,10,2,4,289,36,13,33,265.017,88,0,1,2,1,0,1,90,172,30,8
154,11,22,10,6,4,289,36,13,33,265.017,88,0,1,2,1,0,1,90,172,30,8
155,22,1,10,2,4,179,26,9,30,265.017,88,0,3,0,0,0,0,56,171,19,8
156,13,22,10,2,4,369,17,12,31,265.017,88,0,1,3,1,0,0,70,169,25,8
157,10,10,10,2,4,361,52,3,28,265.017,88,0,1,1,1,0,4,80,172,27,8
158,34,11,11,2,4,118,10,10,37,284.031,97,0,1,0,0,0,0,83,172,28,8
159,3,6,11,3,4,179,51,18,38,284.031,97,0,1,0,1,0,0,89,170,31,8
160,23,1,11,2,4,378,49,11,36,284.031,97,0,1,2,0,1,4,65,174,21,8
161,5,26,11,2,4,235,20,13,43,284.031,97,0,1,1,1,0,0,106,167,38,8
162,24,13,11,6,4,246,25,16,41,284.031,97,0,1,0,1,0,0,67,170,23,8
163,24,13,11,2,4,246,25,16,41,284.031,97,0,1,0,1,0,0,67,170,23,8
164,20,10,11,4,4,260,50,11,36,284.031,97,0,1,4,1,0,0,65,168,23,8
165,20,15,11,6,4,260,50,11,36,284.031,97,0,1,4,1,0,0,65,168,23,8
166,24,4,12,5,4,246,25,16,41,236.629,93,0,1,0,1,0,0,67,170,23,8
167,34,25,12,3,4,118,10,10,37,236.629,93,0,1,0,0,0,0,83,172,28,8
168,5,13,12,3,2,235,20,13,43,236.629,93,0,1,1,1,0,0,106,167,38,8
169,20,26,12,4,2,260,50,11,36,236.629,93,0,1,4,1,0,0,65,168,23,8
170,11,19,12,2,2,289,36,13,33,236.629,93,0,1,2,1,0,1,90,172,30,8
171,11,26,1,2,2,289,36,13,33,330.061,100,0,1,2,1,0,1,90,172,30,8
172,15,3,1,4,2,291,31,12,40,330.061,100,0,1,1,1,0,1,73,171,25,8
173,5,26,1,2,2,235,20,13,43,330.061,100,0,1,1,1,0,0,106,167,38,8
174,3,10,2,5,2,179,51,18,38,251.818,96,0,1,0,1,0,0,89,170,31,8
175,24,26,2,5,2,246,25,16,41,251.818,96,0,1,0,1,0,0,67,170,23,8
176,6,22,2,2,2,189,29,13,33,251.818,96,0,1,2,0,0,2,69,167,25,8
177,34,18,3,3,2,118,10,10,37,244.387,98,0,1,0,0,0,0,83,172,28,8
178,1,22,3,2,2,235,11,14,37,244.387,98,0,3,1,0,0,1,88,172,29,8
179,17,22,3,3,2,179,22,17,40,244.387,98,0,2,2,0,1,0,63,170,22,8
180,23,22,3,3,2,378,49,11,36,244.387,98,0,1,2,0,1,4,65,174,21,8
181,10,22,3,4,2,361,52,3,28,244.387,98,0,1,1,1,0,4,80,172,27,8
182,1,21,3,5,2,235,11,14,37,244.387,98,0,3,1,0,0,1,88,172,29,8
183,36,13,3,4,3,118,13,18,50,244.387,98,0,1,1,1,0,0,98,178,31,8
184,3,28,3,6,3,179,51,18,38,244.387,98,0,1,0,1,0,0,89,170,31,8
185,11,22,3,6,3,289,36,13,33,244.387,98,0,1,2,1,0,1,90,172,30,8
186,20,19,3,2,3,260,50,11,36,244.387,98,0,1,4,1,0,0,65,168,23,8
187,18,23,4,4,3,330,16,4,28,239.409,98,0,2,0,0,0,0,84,182,25,8
188,3,28,4,4,3,179,51,18,38,239.409,98,0,1,0,1,0,0,89,170,31,8
189,26,28,4,6,3,300,26,13,43,239.409,98,0,1,2,1,1,1,77,175,25,8
190,13,10,5,2,3,369,17,12,31,246.074,99,0,1,3,1,0,0,70,169,25,8
191,9,18,5,4,3,228,14,16,58,246.074,99,0,1,2,0,0,1,65,172,22,8
192,18,13,5,6,3,330,16,4,28,246.074,99,0,2,0,0,0,0,84,182,25,8
193,1,1,5,2,3,235,11,14,37,246.074,99,0,3,1,0,0,1,88,172,29,8
194,5,26,6,3,3,235,20,13,43,253.957,95,0,1,1,1,0,0,106,167,38,8
195,3,5,6,4,1,179,51,18,38,253.957,95,0,1,0,1,0,0,89,170,31,8
196,1,13,6,3,1,235,11,14,37,253.957,95,0,3,1,0,0,1,88,172,29,8
197,20,13,7,6,1,260,50,11,36,230.29,92,0,1,4,1,0,0,65,168,23,8
198,21,7,7,2,1,268,11,8,33,230.29,92,0,2,0,0,0,0,79,178,25,8
199,18,25,7,6,1,330,16,4,28,230.29,92,0,2,0,0,0,0,84,182,25,8
200,34,26,7,6,1,118,10,10,37,230.29,92,0,1,0,0,0,0,83,172,28,8
201,34,28,7,3,1,118,10,10,37,230.29,92,0,1,0,0,0,0,83,172,28,8
202,26,15,7,2,1,300,26,13,43,230.29,92,0,1,2,1,1,1,77,175,25,8
203,10,22,7,6,1,361,52,3,28,230.29,92,0,1,1,1,0,4,80,172,27,8
204,11,22,7,2,1,289,36,13,33,230.29,92,0,1,2,1,0,1,90,172,30,8
205,5,26,7,2,1,235,20,13,43,230.29,92,0,1,1,1,0,0,106,167,38,8
206,11,26,8,3,1,289,36,13,33,249.797,93,0,1,2,1,0,1,90,172,30,8
207,5,26,8,3,1,235,20,13,43,249.797,93,0,1,1,1,0,0,106,167,38,8
208,17,25,8,3,1,179,22,17,40,249.797,93,0,2,2,0,1,0,63,170,22,8
209,22,23,9,6,1,179,26,9,30,261.756,87,0,3,0,0,0,0,56,171,19,8
210,13,23,9,3,4,369,17,12,31,261.756,87,0,1,3,1,0,0,70,169,25,8
211,10,22,9,3,4,361,52,3,28,261.756,87,0,1,1,1,0,4,80,172,27,8
212,24,26,10,6,4,246,25,16,41,284.853,91,0,1,0,1,0,0,67,170,23,8
213,13,23,10,3,4,369,17,12,31,284.853,91,0,1,3,1,0,0,70,169,25,8
214,13,26,10,3,4,369,17,12,31,284.853,91,0,1,3,1,0,0,70,169,25,8
215,13,10,10,5,4,369,17,12,31,284.853,91,0,1,3,1,0,0,70,169,25,8
216,13,10,10,6,4,369,17,12,31,284.853,91,0,1,3,1,0,0,70,169,25,8
217,6,23,10,2,4,189,29,13,33,284.853,91,0,1,2,0,0,2,69,167,25,8
218,25,6,10,2,4,235,16,8,32,284.853,91,0,3,0,0,0,0,75,178,25,8
219,33,10,10,2,4,248,25,14,47,284.853,91,0,1,2,0,0,1,86,165,32,8
220,34,9,11,3,4,118,10,10,37,268.519,93,0,1,0,0,0,0,83,172,28,8
221,11,24,11,4,4,289,36,13,33,268.519,93,0,1,2,1,0,1,90,172,30,8
222,25,1,11,6,4,235,16,8,32,268.519,93,0,3,0,0,0,0,75,178,25,8
223,10,22,11,3,4,361,52,3,28,268.519,93,0,1,1,1,0,4,80,172,27,8
224,34,23,11,2,4,118,10,10,37,268.519,93,0,1,0,0,0,0,83,172,28,8
225,34,8,11,3,4,118,10,10,37,268.519,93,0,1,0,0,0,0,83,172,28,8
226,13,26,11,6,4,369,17,12,31,268.519,93,0,1,3,1,0,0,70,169,25,8
227,5,26,12,6,4,235,20,13,43,280.549,98,0,1,1,1,0,0,106,167,38,8
228,12,18,12,2,4,233,51,1,31,280.549,98,0,2,1,1,0,8,68,178,21,8
229,32,10,1,5,2,289,48,29,49,313.532,96,0,1,0,0,0,2,108,172,36,8
230,14,18,1,3,2,155,12,14,34,313.532,96,0,1,2,1,0,0,95,196,25,8
231,11,13,1,4,2,289,36,13,33,313.532,96,0,1,2,1,0,1,90,172,30,8
232,3,13,2,3,2,179,51,18,38,264.249,97,0,1,0,1,0,0,89,170,31,8
233,33,1,2,4,2,248,25,14,47,264.249,97,0,1,2,0,0,1,86,165,32,8
234,28,7,2,3,2,225,26,9,28,264.249,97,0,1,1,0,0,2,69,169,24,8
235,3,13,2,5,2,179,51,18,38,264.249,97,0,1,0,1,0,0,89,170,31,8
236,10,19,3,2,2,361,52,3,28,222.196,99,0,1,1,1,0,4,80,172,27,8
237,3,13,3,3,2,179,51,18,38,222.196,99,0,1,0,1,0,0,89,170,31,8
238,28,7,3,2,2,225,26,9,28,222.196,99,0,1,1,0,0,2,69,169,24,8
239,11,23,3,4,2,289,36,13,33,222.196,99,0,1,2,1,0,1,90,172,30,8
240,16,23,3,4,3,118,15,24,46,222.196,99,0,1,2,1,1,0,75,175,25,8
241,13,22,3,4,3,369,17,12,31,222.196,99,0,1,3,1,0,0,70,169,25,8
242,28,13,4,2,3,225,26,9,28,246.288,91,0,1,1,0,0,2,69,169,24,8
243,34,10,4,2,3,118,10,10,37,246.288,91,0,1,0,0,0,0,83,172,28,8
244,10,19,4,3,3,361,52,3,28,246.288,91,0,1,1,1,0,4,80,172,27,8
245,33,19,4,4,3,248,25,14,47,246.288,91,0,1,2,0,0,1,86,165,32,8
246,6,13,4,5,3,189,29,13,33,246.288,91,0,1,2,0,0,2,69,167,25,8
247,1,22,4,6,3,235,11,14,37,246.288,91,0,3,1,0,0,1,88,172,29,8
248,28,19,4,2,3,225,26,9,28,246.288,91,0,1,1,0,0,2,69,169,24,8
249,28,19,4,5,3,225,26,9,28,246.288,91,0,1,1,0,0,2,69,169,24,8
250,1,22,5,2,3,235,11,14,37,237.656,99,0,3,1,0,0,1,88,172,29,8
251,5,26,5,4,3,235,20,13,43,237.656,99,0,1,1,1,0,0,106,167,38,8
252,29,14,5,5,3,225,15,15,41,237.656,99,0,4,2,1,0,2,94,182,28,8
253,29,22,5,6,3,225,15,15,41,237.656,99,0,4,2,1,0,2,94,182,28,8
254,25,10,5,2,3,235,16,8,32,237.656,99,0,3,0,0,0,0,75,178,25,8
255,15,22,5,4,3,291,31,12,40,237.656,99,0,1,1,1,0,1,73,171,25,8
256,17,10,5,4,3,179,22,17,40,237.656,99,0,2,2,0,1,0,63,170,22,8
257,18,10,5,5,3,330,16,4,28,237.656,99,0,2,0,0,0,0,84,182,25,8
258,10,7,5,2,3,361,52,3,28,237.656,99,0,1,1,1,0,4,80,172,27,8
259,17,25,5,6,3,179,22,17,40,237.656,99,0,2,2,0,1,0,63,170,22,8
260,14,10,5,6,3,155,12,14,34,237.656,99,0,1,2,1,0,0,95,196,25,8
261,16,7,6,4,3,118,15,24,46,275.089,96,0,1,2,1,1,0,75,175,25,8
262,34,26,6,6,3,118,10,10,37,275.089,96,0,1,0,0,0,0,83,172,28,8
263,34,10,6,4,3,118,10,10,37,275.089,96,0,1,0,0,0,0,83,172,28,8
264,23,22,6,5,3,378,49,11,36,275.089,96,0,1,2,0,1,4,65,174,21,8
265,12,19,6,6,3,233,51,1,31,275.089,96,0,2,1,1,0,8,68,178,21,8
266,12,22,6,5,1,233,51,1,31,275.089,96,0,2,1,1,0,8,68,178,21,8
267,9,6,7,2,1,228,14,16,58,264.604,93,0,1,2,0,0,1,65,172,22,8
268,10,22,7,4,1,361,52,3,28,264.604,93,0,1,1,1,0,4,80,172,27,8
269,28,22,7,4,1,225,26,9,28,264.604,93,0,1,1,0,0,2,69,169,24,8
270,11,14,7,3,1,289,36,13,33,264.604,93,0,1,2,1,0,1,90,172,30,8
271,10,25,8,2,1,361,52,3,28,205.917,92,0,1,1,1,0,4,80,172,27,7
272,15,23,10,5,4,291,31,12,40,253.465,93,0,1,1,1,0,1,73,171,25,5
273,15,23,11,5,4,291,31,12,40,306.345,93,0,1,1,1,0,1,73,171,25,5
274,22,1,10,4,4,179,26,9,30,265.017,88,0,3,0,0,0,0,56,171,19,5
275,22,7,10,4,4,179,26,9,30,265.017,88,0,3,0,0,0,0,56,171,19,5
276,28,23,1,4,2,225,26,9,28,330.061,100,0,1,1,0,0,2,69,169,24,5
277,34,28,8,3,1,118,10,10,37,249.797,93,0,1,0,0,0,0,83,172,28,5
278,14,25,2,2,2,155,12,14,34,264.249,97,0,1,2,1,0,0,95,196,25,5
279,11,26,7,3,1,289,36,13,33,239.554,97,0,1,2,1,0,1,90,172,30,4
280,7,7,7,5,1,279,5,14,39,239.554,97,0,1,2,1,1,0,68,168,24,4
281,20,23,7,6,1,260,50,11,36,239.554,97,0,1,4,1,0,0,65,168,23,4
282,3,23,7,4,1,179,51,18,38,239.554,97,0,1,0,1,0,0,89,170,31,4
283,20,28,8,6,1,260,50,11,36,205.917,92,0,1,4,1,0,0,65,168,23,4
284,30,28,8,4,1,157,27,6,29,205.917,92,0,1,0,1,1,0,75,185,22,4
285,1,23,8,5,1,235,11,14,37,205.917,92,0,3,1,0,0,1,88,172,29,4
286,19,11,8,5,1,291,50,12,32,205.917,92,0,1,0,1,0,0,65,169,23,4
287,20,23,8,6,1,260,50,11,36,205.917,92,0,1,4,1,0,0,65,168,23,4
288,34,23,9,2,1,118,10,10,37,241.476,92,0,1,0,0,0,0,83,172,28,4
289,3,23,9,3,1,179,51,18,38,241.476,92,0,1,0,1,0,0,89,170,31,4
290,15,23,9,5,1,291,31,12,40,241.476,92,0,1,1,1,0,1,73,171,25,4
291,20,23,9,6,4,260,50,11,36,241.476,92,0,1,4,1,0,0,65,168,23,4
292,20,28,11,6,4,260,50,11,36,306.345,93,0,1,4,1,0,0,65,168,23,4
293,20,28,3,6,2,260,50,11,36,343.253,95,0,1,4,1,0,0,65,168,23,4
294,20,28,4,6,3,260,50,11,36,326.452,96,0,1,4,1,0,0,65,168,23,4
295,27,7,5,4,3,184,42,7,27,378.884,92,0,1,0,0,0,0,58,167,21,4
296,15,23,6,5,3,291,31,12,40,377.55,94,0,1,1,1,0,1,73,171,25,4
297,14,23,6,2,3,155,12,14,34,377.55,94,0,1,2,1,0,0,95,196,25,4
298,34,26,7,6,1,118,10,10,37,275.312,98,0,1,0,0,0,0,83,172,28,4
299,20,28,8,6,1,260,50,11,36,265.615,94,0,1,4,1,0,0,65,168,23,4
300,11,23,8,3,1,289,36,13,33,265.615,94,0,1,2,1,0,1,90,172,30,4
301,15,28,9,6,1,291,31,12,40,294.217,81,0,1,1,1,0,1,73,171,25,4
302,20,28,9,6,1,260,50,11,36,294.217,81,0,1,4,1,0,0,65,168,23,4
303,1,26,10,2,4,235,11,14,37,265.017,88,0,3,1,0,0,1,88,172,29,4
304,15,28,10,3,4,291,31,12,40,265.017,88,0,1,1,1,0,1,73,171,25,4
305,15,12,11,6,4,291,31,12,40,284.031,97,0,1,1,1,0,1,73,171,25,4
306,20,28,12,6,4,260,50,11,36,236.629,93,0,1,4,1,0,0,65,168,23,4
307,1,14,12,3,2,235,11,14,37,236.629,93,0,3,1,0,0,1,88,172,29,4
308,14,23,1,3,2,155,12,14,34,330.061,100,0,1,2,1,0,0,95,196,25,4
309,36,26,1,2,2,118,13,18,50,330.061,100,0,1,1,1,0,0,98,178,31,4
310,20,28,3,6,2,260,50,11,36,244.387,98,0,1,4,1,0,0,65,168,23,4
311,3,28,4,4,3,179,51,18,38,239.409,98,0,1,0,1,0,0,89,170,31,4
312,18,26,4,6,3,330,16,4,28,239.409,98,0,2,0,0,0,0,84,182,25,4
313,13,22,4,2,3,369,17,12,31,239.409,98,0,1,3,1,0,0,70,169,25,4
314,33,26,4,2,3,248,25,14,47,239.409,98,0,1,2,0,0,1,86,165,32,4
315,20,28,4,6,3,260,50,11,36,239.409,98,0,1,4,1,0,0,65,168,23,4
316,3,28,4,2,3,179,51,18,38,239.409,98,0,1,0,1,0,0,89,170,31,4
317,3,28,5,4,3,179,51,18,38,246.074,99,0,1,0,1,0,0,89,170,31,4
318,28,23,6,5,3,225,26,9,28,253.957,95,0,1,1,0,0,2,69,169,24,4
319,20,28,6,6,3,260,50,11,36,253.957,95,0,1,4,1,0,0,65,168,23,4
320,3,28,6,2,3,179,51,18,38,253.957,95,0,1,0,1,0,0,89,170,31,4
321,28,25,7,5,1,225,26,9,28,230.29,92,0,1,1,0,0,2,69,169,24,4
322,20,26,7,2,1,260,50,11,36,230.29,92,0,1,4,1,0,0,65,168,23,4
323,3,25,8,5,1,179,51,18,38,249.797,93,0,1,0,1,0,0,89,170,31,4
324,24,28,8,3,1,246,25,16,41,249.797,93,0,1,0,1,0,0,67,170,23,4
325,34,28,8,3,1,118,10,10,37,249.797,93,0,1,0,0,0,0,83,172,28,4
326,15,28,8,5,1,291,31,12,40,249.797,93,0,1,1,1,0,1,73,171,25,4
327,3,25,8,2,1,179,51,18,38,249.797,93,0,1,0,1,0,0,89,170,31,4
328,1,23,8,3,1,235,11,14,37,249.797,93,0,3,1,0,0,1,88,172,29,4
329,3,23,9,2,1,179,51,18,38,261.756,87,0,1,0,1,0,0,89,170,31,4
330,28,23,10,3,4,225,26,9,28,284.853,91,0,1,1,0,0,2,69,169,24,4
331,28,23,11,6,4,225,26,9,28,268.519,93,0,1,1,0,0,2,69,169,24,4
332,33,14,11,5,4,248,25,14,47,268.519,93,0,1,2,0,0,1,86,165,32,4
333,10,14,12,5,4,361,52,3,28,280.549,98,0,1,1,1,0,4,80,172,27,4
334,3,10,3,2,2,179,51,18,38,222.196,99,0,1,0,1,0,0,89,170,31,4
335,14,28,4,3,3,155,12,14,34,246.288,91,0,1,2,1,0,0,95,196,25,4
336,5,26,7,4,1,235,20,13,43,264.604,93,0,1,1,1,0,0,106,167,38,4
337,34,28,7,2,1,118,10,10,37,264.604,93,0,1,0,0,0,0,83,172,28,4
338,1,11,7,3,1,235,11,14,37,264.604,93,0,3,1,0,0,1,88,172,29,4
339,34,23,9,2,1,118,10,10,37,241.476,92,0,1,0,0,0,0,83,172,28,3
340,3,23,9,3,1,179,51,18,38,241.476,92,0,1,0,1,0,0,89,170,31,3
341,28,18,9,4,4,225,26,9,28,241.476,92,0,1,1,0,0,2,69,169,24,3
342,3,23,9,4,4,179,51,18,38,241.476,92,0,1,0,1,0,0,89,170,31,3
343,3,23,9,6,4,179,51,18,38,241.476,92,0,1,0,1,0,0,89,170,31,3
344,3,23,10,3,4,179,51,18,38,253.465,93,0,1,0,1,0,0,89,170,31,3
345,34,23,10,3,4,118,10,10,37,253.465,93,0,1,0,0,0,0,83,172,28,3
346,3,23,10,6,4,179,51,18,38,253.465,93,0,1,0,1,0,0,89,170,31,3
347,28,23,10,6,4,225,26,9,28,253.465,93,0,1,1,0,0,2,69,169,24,3
349,28,23,10,4,4,225,26,9,28,253.465,93,0,1,1,0,0,2,69,169,24,3
350,20,28,10,6,4,260,50,11,36,253.465,93,0,1,4,1,0,0,65,168,23,3
351,28,23,11,4,4,225,26,9,28,306.345,93,0,1,1,0,0,2,69,169,24,3
352,28,13,11,6,4,225,26,9,28,306.345,93,0,1,1,0,0,2,69,169,24,3
353,28,28,11,3,4,225,26,9,28,306.345,93,0,1,1,0,0,2,69,169,24,3
354,15,23,11,5,4,291,31,12,40,306.345,93,0,1,1,1,0,1,73,171,25,3
355,28,28,12,5,4,225,26,9,28,261.306,97,0,1,1,0,0,2,69,169,24,3
356,20,28,12,6,4,260,50,11,36,261.306,97,0,1,4,1,0,0,65,168,23,3
357,11,22,1,5,2,289,36,13,33,308.593,95,0,1,2,1,0,1,90,172,30,3
358,28,25,2,5,2,225,26,9,28,302.585,99,0,1,1,0,0,2,69,169,24,3
359,30,19,3,3,2,157,27,6,29,343.253,95,0,1,0,1,1,0,75,185,22,3
360,33,14,3,6,2,248,25,14,47,343.253,95,0,1,2,0,0,1,86,165,32,3
361,3,13,3,4,3,179,51,18,38,343.253,95,0,1,0,1,0,0,89,170,31,3
362,33,14,3,6,3,248,25,14,47,343.253,95,0,1,2,0,0,1,86,165,32,3
363,15,23,4,6,3,291,31,12,40,326.452,96,0,1,1,1,0,1,73,171,25,3
364,1,7,4,6,3,235,11,14,37,326.452,96,0,3,1,0,0,1,88,172,29,3
365,30,25,7,2,1,157,27,6,29,275.312,98,0,1,0,1,1,0,75,185,22,3
366,30,19,8,6,1,157,27,6,29,265.615,94,0,1,0,1,1,0,75,185,22,3
367,36,13,8,5,1,118,13,18,50,265.615,94,0,1,1,1,0,0,98,178,31,3
368,3,23,9,6,1,179,51,18,38,294.217,81,0,1,0,1,0,0,89,170,31,3
369,15,28,9,3,1,291,31,12,40,294.217,81,0,1,1,1,0,1,73,171,25,3
370,15,28,9,6,4,291,31,12,40,294.217,81,0,1,1,1,0,1,73,171,25,3
371,34,7,10,2,4,118,10,10,37,265.017,88,0,1,0,0,0,0,83,172,28,3
372,20,28,10,6,4,260,50,11,36,265.017,88,0,1,4,1,0,0,65,168,23,3
373,20,28,11,6,4,260,50,11,36,284.031,97,0,1,4,1,0,0,65,168,23,3
374,34,11,11,4,4,118,10,10,37,284.031,97,0,1,0,0,0,0,83,172,28,3
375,3,28,11,5,4,179,51,18,38,284.031,97,0,1,0,1,0,0,89,170,31,3
376,28,12,12,2,4,225,26,9,28,236.629,93,0,1,1,0,0,2,69,169,24,3
377,1,23,12,2,4,235,11,14,37,236.629,93,0,3,1,0,0,1,88,172,29,3
378,3,28,12,2,2,179,51,18,38,236.629,93,0,1,0,1,0,0,89,170,31,3
379,3,27,2,4,2,179,51,18,38,251.818,96,0,1,0,1,0,0,89,170,31,3
380,11,22,2,6,2,289,36,13,33,251.818,96,0,1,2,1,0,1,90,172,30,3
381,20,28,2,6,2,260,50,11,36,251.818,96,0,1,4,1,0,0,65,168,23,3
382,3,23,2,6,2,179,51,18,38,251.818,96,0,1,0,1,0,0,89,170,31,3
384,3,27,2,6,2,179,51,18,38,251.818,96,0,1,0,1,0,0,89,170,31,3
385,3,27,2,2,2,179,51,18,38,251.818,96,0,1,0,1,0,0,89,170,31,3
390,36,14,3,3,3,118,13,18,50,244.387,98,0,1,1,1,0,0,98,178,31,3
391,20,28,4,6,3,260,50,11,36,239.409,98,0,1,4,1,0,0,65,168,23,3
392,22,23,5,4,3,179,26,9,30,246.074,99,0,3,0,0,0,0,56,171,19,3
393,20,28,5,6,3,260,50,11,36,246.074,99,0,1,4,1,0,0,65,168,23,3
394,17,8,5,2,3,179,22,17,40,246.074,99,0,2,2,0,1,0,63,170,22,3
395,28,25,5,4,3,225,26,9,28,246.074,99,0,1,1,0,0,2,69,169,24,3
397,34,23,6,2,3,118,10,10,37,253.957,95,0,1,0,0,0,0,83,172,28,3
398,3,28,6,2,3,179,51,18,38,253.957,95,0,1,0,1,0,0,89,170,31,3
399,24,28,6,3,3,246,25,16,41,253.957,95,0,1,0,1,0,0,67,170,23,3
400,20,28,8,2,1,260,50,11,36,249.797,93,0,1,4,1,0,0,65,168,23,3
401,34,28,9,3,1,118,10,10,37,261.756,87,0,1,0,0,0,0,83,172,28,3
402,25,11,10,5,4,235,16,8,32,284.853,91,0,3,0,0,0,0,75,178,25,3
403,32,14,10,4,4,289,48,29,49,284.853,91,0,1,0,0,0,2,108,172,36,3
404,13,23,10,3,4,369,17,12,31,284.853,91,0,1,3,1,0,0,70,169,25,3
405,3,28,10,4,4,179,51,18,38,284.853,91,0,1,0,1,0,0,89,170,31,3
406,28,10,10,6,4,225,26,9,28,284.853,91,0,1,1,0,0,2,69,169,24,3
407,28,13,10,3,4,225,26,9,28,284.853,91,0,1,1,0,0,2,69,169,24,3
408,34,28,11,4,4,118,10,10,37,268.519,93,0,1,0,0,0,0,83,172,28,3
409,28,14,11,5,4,225,26,9,28,268.519,93,0,1,1,0,0,2,69,169,24,3
410,28,23,12,4,4,225,26,9,28,280.549,98,0,1,1,0,0,2,69,169,24,3
411,28,23,12,6,4,225,26,9,28,280.549,98,0,1,1,0,0,2,69,169,24,3
413,28,23,12,5,4,225,26,9,28,280.549,98,0,1,1,0,0,2,69,169,24,3
414,22,13,1,2,2,179,26,9,30,313.532,96,0,3,0,0,0,0,56,171,19,3
415,17,18,1,6,2,179,22,17,40,313.532,96,0,2,2,0,1,0,63,170,22,3
416,3,27,1,4,2,179,51,18,38,313.532,96,0,1,0,1,0,0,89,170,31,3
417,3,27,1,5,2,179,51,18,38,313.532,96,0,1,0,1,0,0,89,170,31,3
418,28,23,2,3,2,225,26,9,28,264.249,97,0,1,1,0,0,2,69,169,24,3
419,28,28,2,5,2,225,26,9,28,264.249,97,0,1,1,0,0,2,69,169,24,3
420,3,27,2,4,2,179,51,18,38,264.249,97,0,1,0,1,0,0,89,170,31,3
421,3,27,2,5,2,179,51,18,38,264.249,97,0,1,0,1,0,0,89,170,31,3
422,28,25,2,5,2,225,26,9,28,264.249,97,0,1,1,0,0,2,69,169,24,3
423,3,27,2,6,2,179,51,18,38,264.249,97,0,1,0,1,0,0,89,170,31,3
424,12,12,2,4,2,233,51,1,31,264.249,97,0,2,1,1,0,8,68,178,21,3
425,25,25,2,2,2,235,16,8,32,264.249,97,0,3,0,0,0,0,75,178,25,3
426,9,25,3,3,2,228,14,16,58,222.196,99,0,1,2,0,0,1,65,172,22,3
427,33,25,3,3,2,248,25,14,47,222.196,99,0,1,2,0,0,1,86,165,32,3
428,3,27,3,5,2,179,51,18,38,222.196,99,0,1,0,1,0,0,89,170,31,3
429,22,27,3,6,2,179,26,9,30,222.196,99,0,3,0,0,0,0,56,171,19,3
430,25,25,3,2,2,235,16,8,32,222.196,99,0,3,0,0,0,0,75,178,25,3
432,3,27,3,2,2,179,51,18,38,222.196,99,0,1,0,1,0,0,89,170,31,3
433,33,23,3,5,2,248,25,14,47,222.196,99,0,1,2,0,0,1,86,165,32,3
435,3,27,3,6,2,179,51,18,38,222.196,99,0,1,0,1,0,0,89,170,31,3
436,3,27,3,3,3,179,51,18,38,222.196,99,0,1,0,1,0,0,89,170,31,3
437,3,27,3,4,3,179,51,18,38,222.196,99,0,1,0,1,0,0,89,170,31,3
438,3,27,3,5,3,179,51,18,38,222.196,99,0,1,0,1,0,0,89,170,31,3
439,36,23,4,3,3,118,13,18,50,246.288,91,0,1,1,1,0,0,98,178,31,3
440,25,16,4,3,3,235,16,8,32,246.288,91,0,3,0,0,0,0,75,178,25,3
441,29,19,5,4,3,225,15,15,41,237.656,99,0,4,2,1,0,2,94,182,28,3
442,34,8,5,4,3,118,10,10,37,237.656,99,0,1,0,0,0,0,83,172,28,3
443,36,5,5,3,3,118,13,18,50,237.656,99,0,1,1,1,0,0,98,178,31,3
444,28,6,5,4,3,225,26,9,28,237.656,99,0,1,1,0,0,2,69,169,24,3
445,22,27,6,4,3,179,26,9,30,275.089,96,0,3,0,0,0,0,56,171,19,3
446,36,19,6,5,3,118,13,18,50,275.089,96,0,1,1,1,0,0,98,178,31,3
447,22,13,6,2,1,179,26,9,30,275.089,96,0,3,0,0,0,0,56,171,19,3
448,34,25,6,2,1,118,10,10,37,275.089,96,0,1,0,0,0,0,83,172,28,3
449,34,10,6,4,1,118,10,10,37,275.089,96,0,1,0,0,0,0,83,172,28,3
450,12,22,6,4,1,233,51,1,31,275.089,96,0,2,1,1,0,8,68,178,21,3
451,3,23,7,4,1,179,51,18,38,239.554,97,0,1,0,1,0,0,89,170,31,2
452,11,23,7,5,1,289,36,13,33,239.554,97,0,1,2,1,0,1,90,172,30,2
453,3,23,7,6,1,179,51,18,38,239.554,97,0,1,0,1,0,0,89,170,31,2
455,33,23,8,4,1,248,25,14,47,205.917,92,0,1,2,0,0,1,86,165,32,2
456,3,23,8,6,1,179,51,18,38,205.917,92,0,1,0,1,0,0,89,170,31,2
457,3,23,8,2,1,179,51,18,38,205.917,92,0,1,0,1,0,0,89,170,31,2
458,27,23,9,3,1,184,42,7,27,241.476,92,0,1,0,0,0,0,58,167,21,2
459,14,23,9,4,1,155,12,14,34,241.476,92,0,1,2,1,0,0,95,196,25,2
460,28,23,9,3,4,225,26,9,28,241.476,92,0,1,1,0,0,2,69,169,24,2
461,34,23,9,3,4,118,10,10,37,241.476,92,0,1,0,0,0,0,83,172,28,2
462,28,23,10,4,4,225,26,9,28,253.465,93,0,1,1,0,0,2,69,169,24,2
463,33,23,10,4,4,248,25,14,47,253.465,93,0,1,2,0,0,1,86,165,32,2
464,28,28,10,3,4,225,26,9,28,253.465,93,0,1,1,0,0,2,69,169,24,2
465,36,23,12,4,4,118,13,18,50,261.306,97,0,1,1,1,0,0,98,178,31,2
466,28,23,12,5,4,225,26,9,28,261.306,97,0,1,1,0,0,2,69,169,24,2
467,28,23,12,3,4,225,26,9,28,261.306,97,0,1,1,0,0,2,69,169,24,2
468,34,27,12,6,4,118,10,10,37,261.306,97,0,1,0,0,0,0,83,172,28,2
469,28,23,12,6,2,225,26,9,28,261.306,97,0,1,1,0,0,2,69,169,24,2
470,28,27,1,4,2,225,26,9,28,308.593,95,0,1,1,0,0,2,69,169,24,2
471,27,23,1,5,2,184,42,7,27,308.593,95,0,1,0,0,0,0,58,167,21,2
472,28,28,1,5,2,225,26,9,28,308.593,95,0,1,1,0,0,2,69,169,24,2
473,34,27,1,2,2,118,10,10,37,308.593,95,0,1,0,0,0,0,83,172,28,2
474,28,27,1,3,2,225,26,9,28,308.593,95,0,1,1,0,0,2,69,169,24,2
475,34,27,1,3,2,118,10,10,37,308.593,95,0,1,0,0,0,0,83,172,28,2
476,34,27,1,4,2,118,10,10,37,308.593,95,0,1,0,0,0,0,83,172,28,2
477,34,27,1,5,2,118,10,10,37,308.593,95,0,1,0,0,0,0,83,172,28,2
478,34,27,1,6,2,118,10,10,37,308.593,95,0,1,0,0,0,0,83,172,28,2
484,14,28,2,5,2,155,12,14,34,302.585,99,0,1,2,1,0,0,95,196,25,2
485,20,28,2,6,2,260,50,11,36,302.585,99,0,1,4,1,0,0,65,168,23,2
486,28,28,2,2,2,225,26,9,28,302.585,99,0,1,1,0,0,2,69,169,24,2
487,28,23,2,3,2,225,26,9,28,302.585,99,0,1,1,0,0,2,69,169,24,2
488,19,28,3,3,2,291,50,12,32,343.253,95,0,1,0,1,0,0,65,169,23,2
489,28,23,3,4,2,225,26,9,28,343.253,95,0,1,1,0,0,2,69,169,24,2
490,28,28,3,6,3,225,26,9,28,343.253,95,0,1,1,0,0,2,69,169,24,2
491,28,28,4,6,3,225,26,9,28,326.452,96,0,1,1,0,0,2,69,169,24,2
492,14,28,5,5,3,155,12,14,34,378.884,92,0,1,2,1,0,0,95,196,25,2
493,14,28,5,2,3,155,12,14,34,378.884,92,0,1,2,1,0,0,95,196,25,2
494,3,11,6,6,3,179,51,18,38,377.55,94,0,1,0,1,0,0,89,170,31,2
495,32,28,6,2,1,289,48,29,49,377.55,94,0,1,0,0,0,2,108,172,36,2
496,28,28,6,5,1,225,26,9,28,377.55,94,0,1,1,0,0,2,69,169,24,2
497,14,25,7,6,1,155,12,14,34,275.312,98,0,1,2,1,0,0,95,196,25,2
498,26,14,8,5,1,300,26,13,43,265.615,94,0,1,2,1,1,1,77,175,25,2
499,33,25,8,2,1,248,25,14,47,265.615,94,0,1,2,0,0,1,86,165,32,2
500,5,23,10,2,4,235,20,13,43,265.017,88,0,1,1,1,0,0,106,167,38,2
502,33,23,11,2,4,248,25,14,47,284.031,97,0,1,2,0,0,1,86,165,32,2
503,1,25,11,5,4,235,11,14,37,284.031,97,0,3,1,0,0,1,88,172,29,2
504,3,28,12,2,4,179,51,18,38,236.629,93,0,1,0,1,0,0,89,170,31,2
505,1,25,12,5,4,235,11,14,37,236.629,93,0,3,1,0,0,1,88,172,29,2
506,30,28,12,2,2,157,27,6,29,236.629,93,0,1,0,1,1,0,75,185,22,2
507,14,23,1,2,2,155,12,14,34,330.061,100,0,1,2,1,0,0,95,196,25,2
508,34,28,2,3,2,118,10,10,37,251.818,96,0,1,0,0,0,0,83,172,28,2
509,3,27,2,2,2,179,51,18,38,251.818,96,0,1,0,1,0,0,89,170,31,2
510,24,23,2,3,2,246,25,16,41,251.818,96,0,1,0,1,0,0,67,170,23,2
511,15,23,2,3,2,291,31,12,40,251.818,96,0,1,1,1,0,1,73,171,25,2
512,24,28,3,6,2,246,25,16,41,244.387,98,0,1,0,1,0,0,67,170,23,2
513,3,28,3,2,2,179,51,18,38,244.387,98,0,1,0,1,0,0,89,170,31,2
514,36,23,3,6,3,118,13,18,50,244.387,98,0,1,1,1,0,0,98,178,31,2
515,24,28,3,3,3,246,25,16,41,244.387,98,0,1,0,1,0,0,67,170,23,2
516,34,11,4,4,3,118,10,10,37,239.409,98,0,1,0,0,0,0,83,172,28,2
517,33,23,5,4,3,248,25,14,47,246.074,99,0,1,2,0,0,1,86,165,32,2
518,17,11,5,2,3,179,22,17,40,246.074,99,0,2,2,0,1,0,63,170,22,2
519,22,25,5,2,3,179,26,9,30,246.074,99,0,3,0,0,0,0,56,171,19,2
520,34,28,6,3,3,118,10,10,37,253.957,95,0,1,0,0,0,0,83,172,28,2
521,3,28,6,2,1,179,51,18,38,253.957,95,0,1,0,1,0,0,89,170,31,2
522,28,23,6,4,1,225,26,9,28,253.957,95,0,1,1,0,0,2,69,169,24,2
523,36,23,6,4,1,118,13,18,50,253.957,95,0,1,1,1,0,0,98,178,31,2
524,22,21,6,4,1,179,26,9,30,253.957,95,0,3,0,0,0,0,56,171,19,2
525,24,28,6,6,1,246,25,16,41,253.957,95,0,1,0,1,0,0,67,170,23,2
526,22,23,7,5,1,179,26,9,30,230.29,92,0,3,0,0,0,0,56,171,19,2
527,24,28,7,3,1,246,25,16,41,230.29,92,0,1,0,1,0,0,67,170,23,2
529,7,23,7,5,1,279,5,14,39,230.29,92,0,1,2,1,1,0,68,168,24,2
530,15,28,8,5,1,291,31,12,40,249.797,93,0,1,1,1,0,1,73,171,25,2
531,14,23,9,3,1,155,12,14,34,261.756,87,0,1,2,1,0,0,95,196,25,2
532,15,28,9,5,1,291,31,12,40,261.756,87,0,1,1,1,0,1,73,171,25,2
533,22,23,9,2,1,179,26,9,30,261.756,87,0,3,0,0,0,0,56,171,19,2
534,15,28,10,4,4,291,31,12,40,284.853,91,0,1,1,1,0,1,73,171,25,2
535,34,23,10,3,4,118,10,10,37,284.853,91,0,1,0,0,0,0,83,172,28,2
536,32,23,10,5,4,289,48,29,49,284.853,91,0,1,0,0,0,2,108,172,36,2
537,28,23,10,3,4,225,26,9,28,284.853,91,0,1,1,0,0,2,69,169,24,2
538,15,28,11,4,4,291,31,12,40,268.519,93,0,1,1,1,0,1,73,171,25,2
539,34,13,11,5,4,118,10,10,37,268.519,93,0,1,0,0,0,0,83,172,28,2
540,28,23,11,3,4,225,26,9,28,268.519,93,0,1,1,0,0,2,69,169,24,2
541,28,23,11,6,4,225,26,9,28,268.519,93,0,1,1,0,0,2,69,169,24,2
542,10,28,11,2,4,361,52,3,28,268.519,93,0,1,1,1,0,4,80,172,27,2
543,17,18,12,6,4,179,22,17,40,280.549,98,0,2,2,0,1,0,63,170,22,2
544,28,23,12,3,4,225,26,9,28,280.549,98,0,1,1,0,0,2,69,169,24,2
545,28,23,12,2,4,225,26,9,28,280.549,98,0,1,1,0,0,2,69,169,24,2
546,17,25,1,5,2,179,22,17,40,313.532,96,0,2,2,0,1,0,63,170,22,2
547,17,25,1,6,2,179,22,17,40,313.532,96,0,2,2,0,1,0,63,170,22,2
548,17,25,1,4,2,179,22,17,40,313.532,96,0,2,2,0,1,0,63,170,22,2
549,22,27,1,2,2,179,26,9,30,313.532,96,0,3,0,0,0,0,56,171,19,2
550,22,27,1,4,2,179,26,9,30,313.532,96,0,3,0,0,0,0,56,171,19,2
551,3,27,1,6,2,179,51,18,38,313.532,96,0,1,0,1,0,0,89,170,31,2
552,3,27,2,4,2,179,51,18,38,264.249,97,0,1,0,1,0,0,89,170,31,2
553,3,27,2,5,2,179,51,18,38,264.249,97,0,1,0,1,0,0,89,170,31,2
554,22,27,2,5,2,179,26,9,30,264.249,97,0,3,0,0,0,0,56,171,19,2
555,29,28,2,6,2,225,15,15,41,264.249,97,0,4,2,1,0,2,94,182,28,2
556,3,27,2,6,2,179,51,18,38,264.249,97,0,1,0,1,0,0,89,170,31,2
557,12,19,2,2,2,233,51,1,31,264.249,97,0,2,1,1,0,8,68,178,21,2
558,3,27,2,2,2,179,51,18,38,264.249,97,0,1,0,1,0,0,89,170,31,2
559,22,13,2,5,2,179,26,9,30,264.249,97,0,3,0,0,0,0,56,171,19,2
560,17,23,2,6,2,179,22,17,40,264.249,97,0,2,2,0,1,0,63,170,22,2
561,22,27,2,4,2,179,26,9,30,264.249,97,0,3,0,0,0,0,56,171,19,2
565,28,7,2,2,2,225,26,9,28,264.249,97,0,1,1,0,0,2,69,169,24,2
566,3,27,2,3,2,179,51,18,38,264.249,97,0,1,0,1,0,0,89,170,31,2
567,33,23,2,3,2,248,25,14,47,264.249,97,0,1,2,0,0,1,86,165,32,2
568,28,25,2,3,2,225,26,9,28,264.249,97,0,1,1,0,0,2,69,169,24,2
571,25,25,2,6,2,235,16,8,32,264.249,97,0,3,0,0,0,0,75,178,25,2
572,3,27,3,2,2,179,51,18,38,222.196,99,0,1,0,1,0,0,89,170,31,2
573,33,23,3,2,2,248,25,14,47,222.196,99,0,1,2,0,0,1,86,165,32,2
574,3,27,3,4,2,179,51,18,38,222.196,99,0,1,0,1,0,0,89,170,31,2
575,28,27,3,5,2,225,26,9,28,222.196,99,0,1,1,0,0,2,69,169,24,2
576,28,25,3,5,2,225,26,9,28,222.196,99,0,1,1,0,0,2,69,169,24,2
578,22,27,3,6,2,179,26,9,30,222.196,99,0,3,0,0,0,0,56,171,19,2
579,33,13,3,2,2,248,25,14,47,222.196,99,0,1,2,0,0,1,86,165,32,2
580,3,27,3,3,2,179,51,18,38,222.196,99,0,1,0,1,0,0,89,170,31,2
581,9,25,3,4,2,228,14,16,58,222.196,99,0,1,2,0,0,1,65,172,22,2
583,22,23,3,6,2,179,26,9,30,222.196,99,0,3,0,0,0,0,56,171,19,2
584,22,13,3,2,3,179,26,9,30,222.196,99,0,3,0,0,0,0,56,171,19,2
585,22,27,4,6,3,179,26,9,30,246.288,91,0,3,0,0,0,0,56,171,19,2
586,17,16,4,3,3,179,22,17,40,246.288,91,0,2,2,0,1,0,63,170,22,2
587,10,23,4,3,3,361,52,3,28,246.288,91,0,1,1,1,0,4,80,172,27,2
588,34,10,4,4,3,118,10,10,37,246.288,91,0,1,0,0,0,0,83,172,28,2
591,36,14,4,5,3,118,13,18,50,246.288,91,0,1,1,1,0,0,98,178,31,2
593,25,28,5,4,3,235,16,8,32,237.656,99,0,3,0,0,0,0,75,178,25,2
594,15,28,5,5,3,291,31,12,40,237.656,99,0,1,1,1,0,1,73,171,25,2
595,22,27,5,6,3,179,26,9,30,237.656,99,0,3,0,0,0,0,56,171,19,2
596,36,23,5,2,3,118,13,18,50,237.656,99,0,1,1,1,0,0,98,178,31,2
597,22,27,5,4,3,179,26,9,30,237.656,99,0,3,0,0,0,0,56,171,19,2
598,25,23,5,5,3,235,16,8,32,237.656,99,0,3,0,0,0,0,75,178,25,2
601,14,23,5,4,3,155,12,14,34,237.656,99,0,1,2,1,0,0,95,196,25,2
602,22,27,6,6,3,179,26,9,30,275.089,96,0,3,0,0,0,0,56,171,19,2
603,22,13,6,5,3,179,26,9,30,275.089,96,0,3,0,0,0,0,56,171,19,2
604,15,28,6,5,3,291,31,12,40,275.089,96,0,1,1,1,0,1,73,171,25,2
605,34,8,6,6,1,118,10,10,37,275.089,96,0,1,0,0,0,0,83,172,28,2
606,12,19,7,6,1,233,51,1,31,264.604,93,0,2,1,1,0,8,68,178,21,2
607,34,23,7,4,1,118,10,10,37,264.604,93,0,1,0,0,0,0,83,172,28,2
608,3,11,7,4,1,179,51,18,38,239.554,97,0,1,0,1,0,0,89,170,31,1
609,3,11,8,2,1,179,51,18,38,205.917,92,0,1,0,1,0,0,89,170,31,1
610,11,23,8,3,1,289,36,13,33,205.917,92,0,1,2,1,0,1,90,172,30,1
611,10,23,8,2,1,361,52,3,28,205.917,92,0,1,1,1,0,4,80,172,27,1
612,33,23,9,6,4,248,25,14,47,241.476,92,0,1,2,0,0,1,86,165,32,1
613,22,23,10,5,4,179,26,9,30,253.465,93,0,3,0,0,0,0,56,171,19,1
614,10,23,10,6,4,361,52,3,28,253.465,93,0,1,1,1,0,4,80,172,27,1
615,3,23,11,5,4,179,51,18,38,306.345,93,0,1,0,1,0,0,89,170,31,1
616,28,23,11,4,4,225,26,9,28,306.345,93,0,1,1,0,0,2,69,169,24,1
618,33,28,11,2,4,248,25,14,47,306.345,93,0,1,2,0,0,1,86,165,32,1
619,33,23,12,3,4,248,25,14,47,261.306,97,0,1,2,0,0,1,86,165,32,1
620,28,23,1,4,2,225,26,9,28,308.593,95,0,1,1,0,0,2,69,169,24,1
621,34,19,1,2,2,118,10,10,37,308.593,95,0,1,0,0,0,0,83,172,28,1
622,34,27,1,3,2,118,10,10,37,308.593,95,0,1,0,0,0,0,83,172,28,1
623,28,27,1,6,2,225,26,9,28,308.593,95,0,1,1,0,0,2,69,169,24,1
624,28,23,1,3,2,225,26,9,28,308.593,95,0,1,1,0,0,2,69,169,24,1
625,27,23,2,6,2,184,42,7,27,302.585,99,0,1,0,0,0,0,58,167,21,1
626,22,23,2,3,2,179,26,9,30,302.585,99,0,3,0,0,0,0,56,171,19,1
627,18,23,2,3,2,330,16,4,28,302.585,99,0,2,0,0,0,0,84,182,25,1
628,28,23,2,4,2,225,26,9,28,302.585,99,0,1,1,0,0,2,69,169,24,1
629,28,23,3,6,2,225,26,9,28,343.253,95,0,1,1,0,0,2,69,169,24,1
630,22,13,3,2,3,179,26,9,30,343.253,95,0,3,0,0,0,0,56,171,19,1
631,28,28,3,2,3,225,26,9,28,343.253,95,0,1,1,0,0,2,69,169,24,1
632,15,28,4,4,3,291,31,12,40,326.452,96,0,1,1,1,0,1,73,171,25,1
633,28,23,4,4,3,225,26,9,28,326.452,96,0,1,1,0,0,2,69,169,24,1
634,14,28,4,3,3,155,12,14,34,326.452,96,0,1,2,1,0,0,95,196,25,1
635,14,23,4,5,3,155,12,14,34,326.452,96,0,1,2,1,0,0,95,196,25,1
636,36,23,4,5,3,118,13,18,50,326.452,96,0,1,1,1,0,0,98,178,31,1
637,15,28,4,6,3,291,31,12,40,326.452,96,0,1,1,1,0,1,73,171,25,1
638,14,28,5,2,3,155,12,14,34,378.884,92,0,1,2,1,0,0,95,196,25,1
639,3,12,5,3,3,179,51,18,38,378.884,92,0,1,0,1,0,0,89,170,31,1
640,3,11,5,3,3,179,51,18,38,378.884,92,0,1,0,1,0,0,89,170,31,1
641,36,23,6,3,3,118,13,18,50,377.55,94,0,1,1,1,0,0,98,178,31,1
642,11,23,8,2,1,289,36,13,33,265.615,94,0,1,2,1,0,1,90,172,30,1
643,26,13,8,5,1,300,26,13,43,265.615,94,0,1,2,1,1,1,77,175,25,1
644,33,23,8,4,1,248,25,14,47,265.615,94,0,1,2,0,0,1,86,165,32,1
645,22,23,8,5,1,179,26,9,30,265.615,94,0,3,0,0,0,0,56,171,19,1
646,1,23,8,3,1,235,11,14,37,265.615,94,0,3,1,0,0,1,88,172,29,1
647,36,23,8,5,1,118,13,18,50,265.615,94,0,1,1,1,0,0,98,178,31,1
648,3,23,9,5,1,179,51,18,38,294.217,81,0,1,0,1,0,0,89,170,31,1
649,36,28,9,5,4,118,13,18,50,294.217,81,0,1,1,1,0,0,98,178,31,1
650,3,28,10,4,4,179,51,18,38,265.017,88,0,1,0,1,0,0,89,170,31,1
651,36,28,10,3,4,118,13,18,50,265.017,88,0,1,1,1,0,0,98,178,31,1
652,36,28,10,5,4,118,13,18,50,265.017,88,0,1,1,1,0,0,98,178,31,1
653,36,23,10,5,4,118,13,18,50,265.017,88,0,1,1,1,0,0,98,178,31,1
654,15,23,11,2,4,291,31,12,40,284.031,97,0,1,1,1,0,1,73,171,25,1
655,1,18,11,4,4,235,11,14,37,284.031,97,0,3,1,0,0,1,88,172,29,1
656,3,28,11,3,4,179,51,18,38,284.031,97,0,1,0,1,0,0,89,170,31,1
657,3,23,11,5,4,179,51,18,38,284.031,97,0,1,0,1,0,0,89,170,31,1
658,3,28,12,2,4,179,51,18,38,236.629,93,0,1,0,1,0,0,89,170,31,1
659,36,28,12,3,4,118,13,18,50,236.629,93,0,1,1,1,0,0,98,178,31,1
660,3,28,12,5,4,179,51,18,38,236.629,93,0,1,0,1,0,0,89,170,31,1
661,3,28,12,6,4,179,51,18,38,236.629,93,0,1,0,1,0,0,89,170,31,1
662,22,23,12,3,4,179,26,9,30,236.629,93,0,3,0,0,0,0,56,171,19,1
664,1,13,1,3,2,235,11,14,37,330.061,100,0,3,1,0,0,1,88,172,29,1
665,3,28,1,4,2,179,51,18,38,330.061,100,0,1,0,1,0,0,89,170,31,1
666,3,28,1,6,2,179,51,18,38,330.061,100,0,1,0,1,0,0,89,170,31,1
667,28,7,2,4,2,225,26,9,28,251.818,96,0,1,1,0,0,2,69,169,24,1
668,36,23,4,2,3,118,13,18,50,239.409,98,0,1,1,1,0,0,98,178,31,1
669,10,23,5,5,3,361,52,3,28,246.074,99,0,1,1,1,0,4,80,172,27,1
670,34,28,5,2,3,118,10,10,37,246.074,99,0,1,0,0,0,0,83,172,28,1
671,18,11,6,3,1,330,16,4,28,253.957,95,0,2,0,0,0,0,84,182,25,1
672,2,23,7,2,1,235,29,12,48,230.29,92,0,1,1,0,1,5,88,163,33,1
673,3,28,7,3,1,179,51,18,38,230.29,92,0,1,0,1,0,0,89,170,31,1
674,36,23,7,6,1,118,13,18,50,230.29,92,0,1,1,1,0,0,98,178,31,1
675,15,28,7,5,1,291,31,12,40,230.29,92,0,1,1,1,0,1,73,171,25,1
676,17,25,8,2,1,179,22,17,40,249.797,93,0,2,2,0,1,0,63,170,22,1
677,24,28,8,3,1,246,25,16,41,249.797,93,0,1,0,1,0,0,67,170,23,1
678,24,28,9,3,1,246,25,16,41,261.756,87,0,1,0,1,0,0,67,170,23,1
680,33,23,9,6,1,248,25,14,47,261.756,87,0,1,2,0,0,1,86,165,32,1
681,28,23,9,4,1,225,26,9,28,261.756,87,0,1,1,0,0,2,69,169,24,1
682,32,4,10,5,4,289,48,29,49,284.853,91,0,1,0,0,0,2,108,172,36,1
683,15,23,10,6,4,291,31,12,40,284.853,91,0,1,1,1,0,1,73,171,25,1
684,9,1,10,4,4,228,14,16,58,284.853,91,0,1,2,0,0,1,65,172,22,1
685,15,23,10,4,4,291,31,12,40,284.853,91,0,1,1,1,0,1,73,171,25,1
686,28,13,10,5,4,225,26,9,28,284.853,91,0,1,1,0,0,2,69,169,24,1
687,3,21,11,3,4,179,51,18,38,268.519,93,0,1,0,1,0,0,89,170,31,1
688,3,28,11,6,4,179,51,18,38,268.519,93,0,1,0,1,0,0,89,170,31,1
689,3,28,11,2,4,179,51,18,38,268.519,93,0,1,0,1,0,0,89,170,31,1
690,15,28,12,4,4,291,31,12,40,280.549,98,0,1,1,1,0,1,73,171,25,1
691,22,13,12,6,4,179,26,9,30,280.549,98,0,3,0,0,0,0,56,171,19,1
692,22,13,5,5,3,179,26,9,30,237.656,99,0,3,0,0,0,0,56,171,19,1
693,34,28,5,3,3,118,10,10,37,237.656,99,0,1,0,0,0,0,83,172,28,1
694,17,16,5,6,3,179,22,17,40,237.656,99,0,2,2,0,1,0,63,170,22,1
695,28,11,5,2,3,225,26,9,28,237.656,99,0,1,1,0,0,2,69,169,24,1
696,36,0,7,3,1,118,13,18,50,239.554,97,1,1,1,1,0,0,98,178,31,0
697,20,0,9,2,4,260,50,11,36,241.476,92,1,1,4,1,0,0,65,168,23,0
698,137,0,9,2,4,225,26,9,28,241.476,92,1,1,1,0,0,2,69,169,24,0
699,11,0,9,3,4,289,36,13,33,241.476,92,1,1,2,1,0,1,90,172,30,0
700,36,0,9,3,4,118,13,18,50,241.476,92,1,1,1,1,0,0,98,178,31,0
701,13,0,9,4,4,369,17,12,31,241.476,92,1,1,3,1,0,0,70,169,25,0
702,36,0,10,4,4,118,13,18,50,253.465,93,1,1,1,1,0,0,98,178,31,0
703,34,27,1,2,2,118,10,10,37,308.593,95,0,1,0,0,0,0,83,172,28,0
704,2,0,4,2,3,235,29,12,48,326.452,96,1,1,1,0,1,5,88,163,33,0
705,7,0,5,4,3,279,5,14,39,378.884,92,1,1,2,1,1,0,68,168,24,0
706,18,0,5,4,3,330,16,4,28,378.884,92,1,2,0,0,0,0,84,182,25,0
707,23,0,5,4,3,378,49,11,36,378.884,92,1,1,2,0,1,4,65,174,21,0
708,31,0,5,4,3,388,15,9,50,378.884,92,1,1,0,0,0,0,76,178,24,0
709,20,0,7,5,1,260,50,11,36,275.312,98,1,1,4,1,0,0,65,168,23,0
710,5,0,9,5,1,235,20,13,43,294.217,81,1,1,1,1,0,0,106,167,38,0
711,8,0,9,3,1,231,35,14,39,294.217,81,1,1,2,1,0,2,100,170,35,0
712,19,0,9,3,1,291,50,12,32,294.217,81,1,1,0,1,0,0,65,169,23,0
713,5,0,9,5,4,235,20,13,43,294.217,81,1,1,1,1,0,0,106,167,38,0
714,36,0,10,6,4,118,13,18,50,265.017,88,1,1,1,1,0,0,98,178,31,0
715,33,0,10,6,4,248,25,14,47,265.017,88,1,1,2,0,0,1,86,165,32,0
716,5,0,10,4,4,235,20,13,43,265.017,88,1,1,1,1,0,0,106,167,38,0
717,5,0,10,6,4,235,20,13,43,265.017,88,1,1,1,1,0,0,106,167,38,0
718,20,0,10,3,4,260,50,11,36,265.017,88,1,1,4,1,0,0,65,168,23,0
719,15,0,10,3,4,291,31,12,40,265.017,88,1,1,1,1,0,1,73,171,25,0
720,30,0,10,3,4,157,27,6,29,265.017,88,1,1,0,1,1,0,75,185,22,0
721,18,0,11,3,4,330,16,4,28,284.031,97,1,2,0,0,0,0,84,182,25,0
722,23,0,11,6,4,378,49,11,36,284.031,97,1,1,2,0,1,4,65,174,21,0
723,7,0,11,3,4,279,5,14,39,284.031,97,1,1,2,1,1,0,68,168,24,0
724,13,0,3,4,2,369,17,12,31,244.387,98,1,1,3,1,0,0,70,169,25,0
725,1,0,3,5,3,235,11,14,37,244.387,98,1,3,1,0,0,1,88,172,29,0
726,24,0,3,5,3,246,25,16,41,244.387,98,1,1,0,1,0,0,67,170,23,0
727,36,0,3,5,3,118,13,18,50,244.387,98,1,1,1,1,0,0,98,178,31,0
728,3,0,6,6,3,179,51,18,38,253.957,95,1,1,0,1,0,0,89,170,31,0
729,28,0,10,2,4,225,26,9,28,284.853,91,1,1,1,0,0,2,69,169,24,0
730,15,0,11,3,4,291,31,12,40,268.519,93,1,1,1,1,0,1,73,171,25,0
731,11,0,11,4,4,289,36,13,33,268.519,93,1,1,2,1,0,1,90,172,30,0
732,5,0,11,5,4,235,20,13,43,268.519,93,1,1,1,1,0,0,106,167,38,0
733,36,0,5,3,3,118,13,18,50,237.656,99,1,1,1,1,0,0,98,178,31,0
734,23,0,5,4,3,378,49,11,36,237.656,99,1,1,2,0,1,4,65,174,21,0
735,2,0,6,2,3,235,29,12,48,275.089,96,1,1,1,0,1,5,88,163,33,0
736,21,0,6,2,3,268,11,8,33,275.089,96,1,2,0,0,0,0,79,178,25,0
737,4,0,0,3,1,118,14,13,40,271.219,95,0,1,1,1,0,8,98,170,34,0
738,8,0,0,4,2,231,35,14,39,271.219,95,0,1,2,1,0,2,100,170,35,0
739,35,0,0,6,3,179,45,14,53,271.219,95,0,1,1,0,0,1,77,175,25,0
740,37,23,11,6,4,225,26,9,28,268.519,93,0,1,1,0,0,2,69,169,24,2
741,38,23,8,4,1,248,25,14,47,205.917,92,0,1,2,0,0,1,86,165,32,2
742,39,8,5,4,3,118,10,10,37,237.656,99,0,1,0,0,0,0,83,172,28,3
743,40,22,11,3,4,361,52,3,28,268.519,93,0,1,1,1,0,4,80,172,27,8
744,41,13,3,3,2,179,51,18,38,222.196,99,0,1,0,1,0,0,89,170,31,8
745,42,23,2,3,2,291,31,12,40,251.818,96,0,1,1,1,0,1,73,171,25,2
746,43,26,7,2,1,235,20,13,43,230.29,92,0,1,1,1,0,0,106,167,38,8
747,44,0,7,3,1,118,13,18,50,239.554,97,1,1,1,1,0,0,98,178,31,0
748,45,13,11,6,4,225,26,9,28,306.345,93,0,1,1,0,0,2,69,169,24,3
749,46,28,4,6,3,225,26,9,28,326.452,96,0,1,1,0,0,2,69,169,24,2
750,47,0,10,3,4,157,27,6,29,265.017,88,1,1,0,1,1,0,75,185,22,0
751,48,10,8,4,1,330,16,4,28,205.917,92,0,2,0,0,0,0,84,182,25,8
752,49,23,11,2,4,118,10,10,37,268.519,93,0,1,0,0,0,0,83,172,28,8
753,50,13,9,4,1,179,51,18,38,294.217,81,0,1,0,1,0,0,89,170,31,8
754,51,23,6,5,3,225,26,9,28,253.957,95,0,1,1,0,0,2,69,169,24,4
755,52,19,7,2,1,155,12,14,34,239.554,97,0,1,2,1,0,0,95,196,25,40
756,53,25,6,2,1,118,10,10,37,275.089,96,0,1,0,0,0,0,83,172,28,3
757,54,13,1,4,2,289,36,13,33,313.532,96,0,1,2,1,0,1,90,172,30,8
758,55,19,5,6,3,300,26,13,43,237.656,99,0,1,2,1,1,1,77,175,25,64
759,56,13,6,2,1,179,26,9,30,275.089,96,0,3,0,0,0,0,56,171,19,3
760,57,18,8,2,1,235,29,12,48,205.917,92,0,1,1,0,1,5,88,163,33,8
761,58,28,9,3,1,246,25,16,41,261.756,87,0,1,0,1,0,0,67,170,23,1
762,59,18,7,5,1,179,26,9,30,275.312,98,0,3,0,0,0,0,56,171,19,8
763,60,14,9,2,4,291,31,12,40,241.476,92,0,1,1,1,0,1,73,171,25,32
764,61,28,6,6,3,260,50,11,36,253.957,95,0,1,4,1,0,0,65,168,23,4
765,62,25,1,5,2,179,22,17,40,313.532,96,0,2,2,0,1,0,63,170,22,2
766,63,22,6,5,3,378,49,11,36,275.089,96,0,1,2,0,1,4,65,174,21,8
767,64,14,11,5,4,225,26,9,28,268.519,93,0,1,1,0,0,2,69,169,24,3
768,65,12,5,3,3,179,51,18,38,378.884,92,0,1,0,1,0,0,89,170,31,1
769,66,13,12,3,4,179,26,9,30,280.549,98,0,3,0,0,0,0,56,171,19,16
770,67,23,6,4,1,225,26,9,28,253.957,95,0,1,1,0,0,2,69,169,24,2
771,68,28,4,6,3,260,50,11,36,326.452,96,0,1,4,1,0,0,65,168,23,4
772,69,23,7,6,1,179,51,18,38,239.554,97,0,1,0,1,0,0,89,170,31,2
773,70,13,11,5,4,118,10,10,37,268.519,93,0,1,0,0,0,0,83,172,28,2
774,71,27,3,2,2,179,51,18,38,222.196,99,0,1,0,1,0,0,89,170,31,3
775,72,10,6,4,1,118,10,10,37,275.089,96,0,1,0,0,0,0,83,172,28,3
776,73,19,6,5,3,118,13,18,50,275.089,96,0,1,1,1,0,0,98,178,31,3
777,74,23,10,4,4,248,25,14,47,253.465,93,0,1,2,0,0,1,86,165,32,2
778,75,27,6,6,3,179,26,9,30,275.089,96,0,3,0,0,0,0,56,171,19,2
779,76,18,11,4,4,235,11,14,37,284.031,97,0,3,1,0,0,1,88,172,29,1
780,77,14,5,5,3,225,15,15,41,237.656,99,0,4,2,1,0,2,94,182,28,8
781,78,11,2,2,2,388,15,9,50,302.585,99,0,1,0,0,0,0,76,178,24,8
782,79,3,1,4,2,291,31,12,40,330.061,100,0,1,1,1,0,1,73,171,25,8
783,80,19,4,2,3,225,26,9,28,246.288,91,0,1,1,0,0,2,69,169,24,8
784,81,7,4,2,3,369,17,12,31,246.288,91,0,1,3,1,0,0,70,169,25,24
785,82,22,7,3,1,189,29,13,33,264.604,93,0,1,2,0,0,2,69,167,25,16
786,83,21,3,5,2,235,11,14,37,244.387,98,0,3,1,0,0,1,88,172,29,8
787,84,0,9,5,1,235,20,13,43,294.217,81,1,1,1,1,0,0,106,167,38,0
788,85,26,7,4,1,289,36,13,33,275.312,98,0,1,2,1,0,1,90,172,30,8
789,86,10,11,4,4,260,50,11,36,284.031,97,0,1,4,1,0,0,65,168,23,8
790,87,28,7,3,1,246,25,16,41,230.29,92,0,1,0,1,0,0,67,170,23,2
791,88,18,8,4,1,289,36,13,33,205.917,92,0,1,2,1,0,1,90,172,30,8
792,89,0,10,2,4,225,26,9,28,284.853,91,1,1,1,0,0,2,69,169,24,0
793,90,27,6,4,3,179,26,9,30,275.089,96,0,3,0,0,0,0,56,171,19,3
794,91,26,12,6,4,235,20,13,43,280.549,98,0,1,1,1,0,0,106,167,38,8
795,92,22,2,2,2,189,29,13,33,251.818,96,0,1,2,0,0,2,69,167,25,8
796,93,23,6,3,3,118,13,18,50,377.55,94,0,1,1,1,0,0,98,178,31,1
797,94,27,2,2,2,179,51,18,38,251.818,96,0,1,0,1,0,0,89,170,31,3
798,95,28,2,6,2,260,50,11,36,302.585,99,0,1,4,1,0,0,65,168,23,2
799,96,10,6,6,3,246,25,16,41,377.55,94,0,1,0,1,0,0,67,170,23,8
800,97,27,4,6,3,179,26,9,30,246.288,91,0,3,0,0,0,0,56,171,19,2
801,98,23,4,6,3,291,31,12,40,326.452,96,0,1,1,1,0,1,73,171,25,3
802,99,13,5,2,3,235,20,13,43,246.074,99,0,1,1,1,0,0,106,167,38,16
803,100,19,2,2,2,233,51,1,31,264.249,97,0,2,1,1,0,8,68,178,21,2
804,101,13,4,4,3,246,25,16,41,326.452,96,0,1,0,1,0,0,67,170,23,24
805,102,23,3,2,2,248,25,14,47,222.196,99,0,1,2,0,0,1,86,165,32,2
806,103,23,10,3,4,369,17,12,31,284.853,91,0,1,3,1,0,0,70,169,25,3
807,104,18,1,3,2,179,26,9,30,308.593,95,0,3,0,0,0,0,56,171,19,8
808,105,19,7,2,1,289,36,13,33,275.312,98,0,1,2,1,0,1,90,172,30,32
809,106,27,2,4,2,179,51,18,38,251.818,96,0,1,0,1,0,0,89,170,31,3
810,107,23,10,3,4,225,26,9,28,284.853,91,0,1,1,0,0,2,69,169,24,2
811,108,23,6,2,3,118,10,10,37,253.957,95,0,1,0,0,0,0,83,172,28,3
812,109,6,5,4,3,225,26,9,28,237.656,99,0,1,1,0,0,2,69,169,24,3
813,110,22,6,5,3,378,49,11,36,377.55,94,0,1,2,0,1,4,65,174,21,8
814,111,8,11,3,4,118,10,10,37,268.519,93,0,1,0,0,0,0,83,172,28,8
815,112,0,5,4,3,378,49,11,36,378.884,92,1,1,2,0,1,4,65,174,21,0
816,113,28,11,6,4,260,50,11,36,284.031,97,0,1,4,1,0,0,65,168,23,3
817,114,23,9,3,4,369,17,12,31,261.756,87,0,1,3,1,0,0,70,169,25,8
818,115,22,12,4,4,361,52,3,28,261.306,97,0,1,1,1,0,4,80,172,27,8
819,116,23,7,5,1,179,26,9,30,230.29,92,0,3,0,0,0,0,56,171,19,2
820,117,28,6,2,3,179,51,18,38,253.957,95,0,1,0,1,0,0,89,170,31,4
821,118,28,3,6,2,260,50,11,36,244.387,98,0,1,4,1,0,0,65,168,23,4
822,119,1,7,2,1,260,50,11,36,239.554,97,0,1,4,1,0,0,65,168,23,8
823,120,23,2,3,2,225,26,9,28,264.249,97,0,1,1,0,0,2,69,169,24,3
824,121,25,11,5,4,235,11,14,37,284.031,97,0,3,1,0,0,1,88,172,29,2
825,122,23,9,3,4,118,10,10,37,241.476,92,0,1,0,0,0,0,83,172,28,2
826,123,28,5,4,3,235,16,8,32,237.656,99,0,3,0,0,0,0,75,178,25,2
827,124,11,3,3,3,225,26,9,28,343.253,95,0,1,1,0,0,2,69,169,24,8
828,125,28,6,2,1,179,51,18,38,253.957,95,0,1,0,1,0,0,89,170,31,2
829,126,28,9,3,1,246,25,16,41,261.756,87,0,1,0,1,0,0,67,170,23,1
830,127,18,5,3,3,179,51,18,38,378.884,92,0,1,0,1,0,0,89,170,31,8
831,128,28,5,3,3,118,10,10,37,237.656,99,0,1,0,0,0,0,83,172,28,1
832,129,27,2,4,2,179,51,18,38,251.818,96,0,1,0,1,0,0,89,170,31,3
833,130,18,8,5,1,235,29,12,48,205.917,92,0,1,1,0,1,5,88,163,33,8
834,131,23,12,3,4,179,26,9,30,236.629,93,0,3,0,0,0,0,56,171,19,1
835,132,23,3,4,2,289,36,13,33,222.196,99,0,1,2,1,0,1,90,172,30,8
836,133,0,0,3,1,118,14,13,40,271.219,95,0,1,1,1,0,8,98,170,34,0
837,134,10,4,4,3,118,10,10,37,246.288,91,0,1,0,0,0,0,83,172,28,2
838,135,23,12,2,4,225,26,9,28,280.549,98,0,1,1,0,0,2,69,169,24,2
839,136,27,1,5,2,118,10,10,37,308.593,95,0,1,0,0,0,0,83,172,28,2
